"","name"
"1","Smith"
"2","Johnson"
"3","Williams"
"4","Brown"
"5","Jones"
"6","Garcia"
"7","Rodriguez"
"8","Miller"
"9","Martinez"
"10","Davis"
"11","Hernandez"
"12","Lopez"
"13","Gonzalez"
"14","Wilson"
"15","Anderson"
"16","Thomas"
"17","Taylor"
"18","Lee"
"19","Moore"
"20","Jackson"
"21","Perez"
"22","Martin"
"23","Thompson"
"24","White"
"25","Sanchez"
"26","Harris"
"27","Ramirez"
"28","Clark"
"29","Lewis"
"30","Robinson"
"31","Walker"
"32","Young"
"33","Hall"
"34","Allen"
"35","Torres"
"36","Nguyen"
"37","Wright"
"38","Flores"
"39","King"
"40","Scott"
"41","Rivera"
"42","Green"
"43","Hill"
"44","Adams"
"45","Baker"
"46","Nelson"
"47","Mitchell"
"48","Campbell"
"49","Gomez"
"50","Carter"
"51","Roberts"
"52","Diaz"
"53","Phillips"
"54","Evans"
"55","Turner"
"56","Reyes"
"57","Cruz"
"58","Parker"
"59","Edwards"
"60","Collins"
"61","Stewart"
"62","Morris"
"63","Morales"
"64","Ortiz"
"65","Gutierrez"
"66","Murphy"
"67","Rogers"
"68","Cook"
"69","Kim"
"70","Morgan"
"71","Cooper"
"72","Ramos"
"73","Peterson"
"74","Gonzales"
"75","Bell"
"76","Reed"
"77","Bailey"
"78","Chavez"
"79","Kelly"
"80","Howard"
"81","Richardson"
"82","Ward"
"83","Cox"
"84","Ruiz"
"85","Brooks"
"86","Watson"
"87","Wood"
"88","James"
"89","Mendoza"
"90","Gray"
"91","Bennett"
"92","Alvarez"
"93","Castillo"
"94","Price"
"95","Hughes"
"96","Vasquez"
"97","Sanders"
"98","Jimenez"
"99","Long"
"100","Foster"
